class,threshold,val_dice,val_iou,val_precision,val_recall
Microaneurysm,0.2,0.03061478256726695,0.015686701262495002,0.01687633985501734,0.26685436474425417
Microaneurysm,0.22,0.03617292675860382,0.018651441180335834,0.021254325290559758,0.20087204862049218
Microaneurysm,0.24,0.04131791941716929,0.02143213703246602,0.026493807545687243,0.16058658901907277
Microaneurysm,0.26,0.041564395718663986,0.021637138571729126,0.02960564209216278,0.12788894660469083
Microaneurysm,0.28,0.04191863435563688,0.021841848103106954,0.033868275849385426,0.10466404945872987
Microaneurysm,0.3,0.04055995707159242,0.02110007689198616,0.037599841428950946,0.07958785667787659
Microaneurysm,0.32,0.037857188182843,0.019647094924136733,0.04175791043721578,0.05625858488969701
Microaneurysm,0.34,0.03180746974860134,0.016382297543499375,0.04675611247175233,0.03436022403152584
Microaneurysm,0.36,0.02203996823419374,0.011284878957821577,0.15059211157262398,0.01808114468952951
Microaneurysm,0.38,0.010031974728499642,0.005092414304731247,0.17536818806731833,0.006741741752763234
Microaneurysm,0.4,0.002774259064950396,0.0014006307808478306,0.1320346717725695,0.001503443709010275
Microaneurysm,0.42,0.0004551152892691999,0.00022812914989921016,0.6477272925426117,0.0002322080720898321
Microaneurysm,0.44,9.433458261751885e-10,9.433458261751885e-10,0.9090909181818173,9.433606353032942e-10
Microaneurysm,0.46,9.433606353032942e-10,9.433606353032942e-10,1.0,9.433606353032942e-10
Microaneurysm,0.48,9.433606353032942e-10,9.433606353032942e-10,1.0,9.433606353032942e-10
Microaneurysm,0.5,9.433606353032942e-10,9.433606353032942e-10,1.0,9.433606353032942e-10
Microaneurysm,0.52,9.433606353032942e-10,9.433606353032942e-10,1.0,9.433606353032942e-10
Microaneurysm,0.54,9.433606353032942e-10,9.433606353032942e-10,1.0,9.433606353032942e-10
Microaneurysm,0.56,9.433606353032942e-10,9.433606353032942e-10,1.0,9.433606353032942e-10
Microaneurysm,0.58,9.433606353032942e-10,9.433606353032942e-10,1.0,9.433606353032942e-10
Microaneurysm,0.6,9.433606353032942e-10,9.433606353032942e-10,1.0,9.433606353032942e-10
Microaneurysm,0.62,9.433606353032942e-10,9.433606353032942e-10,1.0,9.433606353032942e-10
Microaneurysm,0.64,9.433606353032942e-10,9.433606353032942e-10,1.0,9.433606353032942e-10
Microaneurysm,0.66,9.433606353032942e-10,9.433606353032942e-10,1.0,9.433606353032942e-10
Microaneurysm,0.68,9.433606353032942e-10,9.433606353032942e-10,1.0,9.433606353032942e-10
Microaneurysm,0.7,9.433606353032942e-10,9.433606353032942e-10,1.0,9.433606353032942e-10
Hemorrhage,0.2,0.2506191039573269,0.155945159805328,0.18058757874062203,0.6687420143504449
Hemorrhage,0.22,0.26216970958497,0.16372026243108337,0.19209452836850904,0.6558031625473687
Hemorrhage,0.24,0.2731065732139626,0.1712066373298138,0.20327834478608597,0.6395853838743745
Hemorrhage,0.26,0.2833481542915966,0.1783259481478909,0.21454573941012703,0.6234682216510237
Hemorrhage,0.28,0.2886799611045697,0.1822787425522197,0.22329046156542817,0.6009374374507547
Hemorrhage,0.3,0.2914931454081748,0.18451527566315987,0.2309512212536746,0.5793857378837072
Hemorrhage,0.32,0.2971917728010091,0.18879672131219058,0.24170106685185944,0.5675916063280586
Hemorrhage,0.34,0.3042401508339252,0.19382228433965498,0.2554564817429781,0.5592710430765994
Hemorrhage,0.36,0.31002911911025605,0.19809271460683167,0.2673827958500083,0.5525222276671126
Hemorrhage,0.38,0.31510148471345834,0.2018495501269733,0.2782987055605514,0.5464904670279245
Hemorrhage,0.4,0.31933331434563594,0.2051223906629181,0.2886154086059241,0.540511324491204
Hemorrhage,0.42,0.32318815709310594,0.20811162441100695,0.29641033143383433,0.5356236053786231
Hemorrhage,0.44,0.3256341881046406,0.21002067800514193,0.3026649143633799,0.5300774872037866
Hemorrhage,0.46,0.32830770021443934,0.21213867835817377,0.3093229682654087,0.5239977324828137
Hemorrhage,0.48,0.3314796380337274,0.21465960453714075,0.3164475780561213,0.5189642638643522
Hemorrhage,0.5,0.33507024881772607,0.2176100814928473,0.3247018604582866,0.5132870087087964
Hemorrhage,0.52,0.33824832167978236,0.22022483721811595,0.33240416680290436,0.5076972287821011
Hemorrhage,0.54,0.34186914457414225,0.22330029401085094,0.340950906258818,0.5028354718912234
Hemorrhage,0.56,0.3456996266575955,0.22676402995147996,0.35033875541789655,0.4975892177093477
Hemorrhage,0.58,0.3500231418205039,0.23059218290896172,0.3606941768636395,0.4915722589164698
Hemorrhage,0.6,0.3530589501099164,0.23348866945111857,0.3694152688409409,0.4868709931241258
Hemorrhage,0.62,0.3559475693294968,0.23641437933210982,0.3784166565272881,0.48091953661394754
Hemorrhage,0.64,0.35694554345816665,0.2377310664933237,0.38538589019241626,0.47467112850172
Hemorrhage,0.66,0.3566276674925506,0.23759895513278104,0.3914093770070085,0.4675526699936381
Hemorrhage,0.68,0.35788013466738056,0.23878258430603214,0.3996182222343682,0.4628670917617557
Hemorrhage,0.7,0.3578852564384648,0.239036186642167,0.4072919837210185,0.45603470983530303
Hard Exudate,0.2,0.38161554689247285,0.24437701433930703,0.2661571060386654,0.7670734618323728
Hard Exudate,0.22,0.3908672865355237,0.2515701620482668,0.27650914876549987,0.760733083027479
Hard Exudate,0.24,0.39767695418849996,0.25694029442473554,0.28476695018997406,0.7535734633788749
Hard Exudate,0.26,0.4027617111295363,0.2609595774441119,0.291281218358915,0.7461464633525499
Hard Exudate,0.28,0.40743714311738927,0.2646704121272048,0.2976362746428103,0.7386141858407999
Hard Exudate,0.3,0.41265792159465453,0.2688447381441365,0.3048067474016327,0.731568247617635
Hard Exudate,0.32,0.41677827693564057,0.27221382379494297,0.31095190436740106,0.7245233318164449
Hard Exudate,0.34,0.4213432028621822,0.2760524851199071,0.31730617692052054,0.7188002089504391
Hard Exudate,0.36,0.4254666157185305,0.27934185594340805,0.3233895104105551,0.714001617587892
Hard Exudate,0.38,0.4303863100479799,0.28329210840469926,0.3305102096426488,0.7092071314469419
Hard Exudate,0.4,0.43273016385970775,0.2852370066308373,0.3353600686016647,0.7027475580330715
Hard Exudate,0.42,0.43620398078634365,0.2880595621024184,0.34118174414917796,0.697264832513478
Hard Exudate,0.44,0.4404485963466995,0.29148019878057574,0.34766998085637674,0.693525752480562
Hard Exudate,0.46,0.44222515188494876,0.2930947701616755,0.35273788420507945,0.6863316033356117
Hard Exudate,0.48,0.4450154262746135,0.2953986262652084,0.35786521426913737,0.6813626936072162
Hard Exudate,0.5,0.4480657314046631,0.2978806960324328,0.36322534422833547,0.6770399309695597
Hard Exudate,0.52,0.4508543049054346,0.30029031131248574,0.3682520608435606,0.6732053436704949
Hard Exudate,0.54,0.4525755917215017,0.301905640249962,0.37418312901220824,0.6667409039885995
Hard Exudate,0.56,0.45676349534369026,0.30539223473629096,0.38162211354740044,0.6633188467166491
Hard Exudate,0.58,0.4591855573760981,0.3074876553873383,0.38773006060362114,0.6580419581438051
Hard Exudate,0.6,0.4618178759959997,0.30976232331908177,0.3944972040182867,0.6527119245471559
Hard Exudate,0.62,0.46445660520006926,0.3120952666431422,0.4011684729337164,0.6472845650765963
Hard Exudate,0.64,0.46789347011397875,0.3150575823325489,0.408925352777074,0.642944837526189
Hard Exudate,0.66,0.46886527437468833,0.31624668975594794,0.4139365047218481,0.6364399942932107
Hard Exudate,0.68,0.47047419881499924,0.31801118539156953,0.4201938842265657,0.6295516186896931
Hard Exudate,0.7,0.47218032050263603,0.31974131226097513,0.42726570288708904,0.6233025822359859
Soft Exudate,0.2,0.23119538284133564,0.14867298410335328,0.16492394159132687,0.9048154174460283
Soft Exudate,0.22,0.24053244895842435,0.15629946911105577,0.17554624216038867,0.9002049488844611
Soft Exudate,0.24,0.24679179466063472,0.16126366255109686,0.18319458845558262,0.8944347379376996
Soft Exudate,0.26,0.25564923431184383,0.16888043394317023,0.19434313372180662,0.8915637278374661
Soft Exudate,0.28,0.26152484235382994,0.1738939802358914,0.20256371192836867,0.88787804880836
Soft Exudate,0.3,0.26681288707692796,0.17850695249001503,0.21069869196615193,0.8840670265096345
Soft Exudate,0.32,0.3615932594329219,0.2727570852302995,0.30850958498117587,0.8799122574869176
Soft Exudate,0.34,0.36562689962919187,0.2762418581595561,0.315340084205559,0.8762270894782863
Soft Exudate,0.36,0.36766194040850314,0.2778030345997075,0.3188172163113261,0.8724008445135304
Soft Exudate,0.38,0.37008605065131683,0.2799258621300322,0.32364868063004953,0.869061255440161
Soft Exudate,0.4,0.37435200314641487,0.28386441879794133,0.3303557251178107,0.8678946606516889
Soft Exudate,0.42,0.3769595133352084,0.286228835969916,0.3350741505434787,0.8654682142213118
Soft Exudate,0.44,0.378723371536833,0.28784662165278224,0.3395286100950672,0.8623172023134292
Soft Exudate,0.46,0.3802288062974565,0.28919293160276144,0.34530568982718474,0.8591063470205877
Soft Exudate,0.48,0.38250021311350596,0.29134546714158494,0.35242746105556977,0.8560672879275639
Soft Exudate,0.5,0.38533769165239523,0.29395922627372184,0.3572366166384574,0.8547987461295765
Soft Exudate,0.52,0.38613433741180364,0.294794166481031,0.3642944381909396,0.8506196878919482
Soft Exudate,0.54,0.3882253485069174,0.29668166283960756,0.3684439064067032,0.8484450525229257
Soft Exudate,0.56,0.3921217088166292,0.30021304706376417,0.3747771584497556,0.8476046385606696
Soft Exudate,0.58,0.3945231740398079,0.3025052298371557,0.3784964388097853,0.8459745988752615
Soft Exudate,0.6,0.39742155918953287,0.3051000302749503,0.3843820417911101,0.844875758557216
Soft Exudate,0.62,0.40096499090318377,0.3083383880500499,0.3911856406710262,0.8437389128146768
Soft Exudate,0.64,0.40376298967498364,0.3109795125570307,0.3959792780467222,0.8420884277410593
Soft Exudate,0.66,0.40581207772330374,0.3129550171185034,0.401306509300332,0.8398850906052672
Soft Exudate,0.68,0.4090438255492402,0.31599418766399245,0.4058337583576766,0.8382694945152747
Soft Exudate,0.7,0.4095666555281982,0.316577500352127,0.4106641829291005,0.8342052571799127
